{
    "user_badges":[],
    "user":{
        "id":1007,
        "username":"AriesTriputran9",
        "name":"AriesTriputranto",
        "avatar_template":"/user_avatar/es.discourse.group/ariestriputran9/{size}/1329_2.png",
        "email":"aariestriputranto@gmail.com",
        "secondary_emails":[],
        "unconfirmed_emails":[],
        "last_posted_at":null,
        "last_seen_at":"2022-04-08T22:16:44.311Z",
        "created_at":"2022-04-08T22:13:41.252Z",
        "ignored":false,
        "muted":false,
        "can_ignore_user":false,
        "can_mute_user":false,
        "can_send_private_messages":true,
        "can_send_private_message_to_user":false,
        "trust_level":0,
        "moderator":false,
        "admin":false,
        "title":"",
        "badge_count":0,
        "user_fields":{
            "1":"https://pronoun.is/AriesTriputranto "
        },
        "custom_fields":{},
        "time_read":0,
        "recent_time_read":0,
        "primary_group_id":null,
        "primary_group_name":null,
        "flair_group_id":null,
        "flair_name":null,
        "flair_url":null,
        "flair_bg_color":null,
        "flair_color":null,
        "featured_topic":null,
        "timezone":"Asia/Jakarta",
        "pending_posts_count":0,
        "bio_excerpt":null,
        "bio_cooked":null,
        "can_edit":true,
        "can_edit_username":true,
        "can_edit_email":true,
        "can_edit_name":true,
        "uploaded_avatar_id":1329,
        "has_title_badges":false,
        "pending_count":0,
        "profile_view_count":0,
        "second_factor_enabled":false,
        "second_factor_backup_enabled":false,
        "associated_accounts":[
            {
                "name":"github",
                "description":"aariestriputranto@gmail.com"
            }
        ],
        "can_upload_profile_header":true,
        "can_upload_user_card_background":true,
        "locale":"id",
        "muted_category_ids":[
            3
        ],
        "regular_category_ids":[],
        "watched_tags":[],
        "watching_first_post_tags":[],
        "tracked_tags":[],
        "muted_tags":[],
        "tracked_category_ids":[
            6
        ],
        "watched_category_ids":[],
        "watched_first_post_category_ids":[],
        "system_avatar_upload_id":null,
        "system_avatar_template":"https://avatars.discourse-cdn.com/v4/letter/a/0ea827/{size}.png",
        "custom_avatar_upload_id":1329,
        "custom_avatar_template":"/user_avatar/es.discourse.group/ariestriputran9/{size}/1329_2.png",
        "muted_usernames":[],
        "ignored_usernames":[],
        "allowed_pm_usernames":[],
        "mailing_list_posts_per_day":5,
        "can_change_bio":true,
        "can_change_location":true,
        "can_change_website":true,
        "can_change_tracking_preferences":true,
        "user_api_keys":null,
        "user_auth_tokens":[
            {
                "id":2197,
                "client_ip":"125.166.17.96",
                "location":"Cilangkap, West Java, Indonesia",
                "browser":"Google Chrome",
                "device":"Android Device",
                "os":"Android",
                "icon":"fab-android",
                "created_at":"2022-04-08T22:13:41.353Z",
                "seen_at":"2022-04-08T22:13:41.781Z"
            }
        ],
        "user_notification_schedule":{
            "enabled":false,
            "day_0_start_time":480,
            "day_0_end_time":1020,
            "day_1_start_time":480,
            "day_1_end_time":1020,
            "day_2_start_time":480,
            "day_2_end_time":1020,
            "day_3_start_time":480,
            "day_3_end_time":1020,
            "day_4_start_time":480,
            "day_4_end_time":1020,
            "day_5_start_time":480,
            "day_5_end_time":1020,
            "day_6_start_time":480,
            "day_6_end_time":1020
        },
        "use_logo_small_as_avatar":false,
        "accepted_answers":0,
        "featured_user_badge_ids":[],
        "invited_by":null,
        "groups":[],
        "group_users":[
            {
                "group_id":10,
                "user_id":1007,
                "notification_level":3,
                "owner":false
            }
        ],
        "user_option":{
            "user_id":1007,
            "mailing_list_mode":false,
            "mailing_list_mode_frequency":1,
            "email_digests":true,
            "email_level":1,
            "email_messages_level":0,
            "external_links_in_new_tab":false,
            "color_scheme_id":null,
            "dark_scheme_id":null,
            "dynamic_favicon":true,
            "enable_quoting":true,
            "enable_defer":false,
            "digest_after_minutes":10080,
            "automatically_unpin_topics":true,
            "auto_track_topics_after_msecs":240000,
            "notification_level_when_replying":2,
            "new_topic_duration_minutes":2880,
            "email_previous_replies":2,
            "email_in_reply_to":false,
            "like_notification_frequency":1,
            "include_tl0_in_digests":false,
            "theme_ids":[
                1
            ],
            "theme_key_seq":0,
            "allow_private_messages":true,
            "enable_allowed_pm_users":false,
            "homepage_id":null,
            "hide_profile_and_presence":false,
            "text_size":"normal",
            "text_size_seq":0,
            "title_count_mode":"notifications",
            "timezone":"Asia/Jakarta",
            "skip_new_user_tips":false,
            "default_calendar":"none_selected",
            "oldest_search_log_date":null
        }
    }
}
